<?xml version="1.0" encoding="UTF-8"?>
<!DOCTYPE mapper PUBLIC "-//mybatis.org//DTD Mapper 3.0//EN" "http://mybatis.org/dtd/mybatis-3-mapper.dtd">
<mapper namespace="com.company.one.handletuple.dao.HandleTupleTmpMapper">
  <resultMap id="BaseResultMap" type="com.company.one.handletuple.model.HandleTupleTmp">
    <id column="id" jdbcType="INTEGER" property="id" />
    <result column="file_item_id" jdbcType="INTEGER" property="fileItemId" />
    <result column="tuple_name" jdbcType="VARCHAR" property="tupleName" />
    <result column="submission_record_id" jdbcType="VARCHAR" property="submissionRecordId" />
    <result column="tuple_item_sort" jdbcType="INTEGER" property="tupleItemSort" />
    <result column="create_date" jdbcType="TIMESTAMP" property="createDate" />
    <result column="update_date" jdbcType="TIMESTAMP" property="updateDate" />
  </resultMap>
  <resultMap extends="BaseResultMap" id="ResultMapWithBLOBs" type="com.company.one.handletuple.model.HandleTupleTmp">
    <result column="tuple_item_content" jdbcType="LONGVARCHAR" property="tupleItemContent" />
  </resultMap>
  <sql id="Example_Where_Clause">
    <where>
      <foreach collection="oredCriteria" item="criteria" separator="or">
        <if test="criteria.valid">
          <trim prefix="(" prefixOverrides="and" suffix=")">
            <foreach collection="criteria.criteria" item="criterion">
              <choose>
                <when test="criterion.noValue">
                  and ${criterion.condition}
                </when>
                <when test="criterion.singleValue">
                  and ${criterion.condition} #{criterion.value}
                </when>
                <when test="criterion.betweenValue">
                  and ${criterion.condition} #{criterion.value} and #{criterion.secondValue}
                </when>
                <when test="criterion.listValue">
                  and ${criterion.condition}
                  <foreach close=")" collection="criterion.value" item="listItem" open="(" separator=",">
                    #{listItem}
                  </foreach>
                </when>
              </choose>
            </foreach>
          </trim>
        </if>
      </foreach>
    </where>
  </sql>
  <sql id="Update_By_Example_Where_Clause">
    <where>
      <foreach collection="example.oredCriteria" item="criteria" separator="or">
        <if test="criteria.valid">
          <trim prefix="(" prefixOverrides="and" suffix=")">
            <foreach collection="criteria.criteria" item="criterion">
              <choose>
                <when test="criterion.noValue">
                  and ${criterion.condition}
                </when>
                <when test="criterion.singleValue">
                  and ${criterion.condition} #{criterion.value}
                </when>
                <when test="criterion.betweenValue">
                  and ${criterion.condition} #{criterion.value} and #{criterion.secondValue}
                </when>
                <when test="criterion.listValue">
                  and ${criterion.condition}
                  <foreach close=")" collection="criterion.value" item="listItem" open="(" separator=",">
                    #{listItem}
                  </foreach>
                </when>
              </choose>
            </foreach>
          </trim>
        </if>
      </foreach>
    </where>
  </sql>
  <sql id="Base_Column_List">
    id, file_item_id, tuple_name, submission_record_id, tuple_item_sort, create_date, 
    update_date
  </sql>
  <sql id="Blob_Column_List">
    tuple_item_content
  </sql>
  <select id="selectByExampleWithBLOBs" parameterType="com.company.one.handletuple.model.HandleTupleTmpExample" resultMap="ResultMapWithBLOBs">
    select
    <if test="distinct">
      distinct
    </if>
    'true' as QUERYID,
    <include refid="Base_Column_List" />
    ,
    <include refid="Blob_Column_List" />
    from handle_tuple_tmp
    <if test="_parameter != null">
      <include refid="Example_Where_Clause" />
    </if>
    <if test="orderByClause != null">
      order by ${orderByClause}
    </if>
  </select>
  <select id="selectByExample" parameterType="com.company.one.handletuple.model.HandleTupleTmpExample" resultMap="BaseResultMap">
    select
    <if test="distinct">
      distinct
    </if>
    'true' as QUERYID,
    <include refid="Base_Column_List" />
    from handle_tuple_tmp
    <if test="_parameter != null">
      <include refid="Example_Where_Clause" />
    </if>
    <if test="orderByClause != null">
      order by ${orderByClause}
    </if>
  </select>
  <select id="selectByPrimaryKey" parameterType="java.lang.Integer" resultMap="ResultMapWithBLOBs">
    select 
    <include refid="Base_Column_List" />
    ,
    <include refid="Blob_Column_List" />
    from handle_tuple_tmp
    where id = #{id,jdbcType=INTEGER}
  </select>
  <delete id="deleteByPrimaryKey" parameterType="java.lang.Integer">
    delete from handle_tuple_tmp
    where id = #{id,jdbcType=INTEGER}
  </delete>
  <delete id="deleteByExample" parameterType="com.company.one.handletuple.model.HandleTupleTmpExample">
    delete from handle_tuple_tmp
    <if test="_parameter != null">
      <include refid="Example_Where_Clause" />
    </if>
  </delete>
  <insert id="insert" parameterType="com.company.one.handletuple.model.HandleTupleTmp">
    <selectKey keyProperty="id" order="AFTER" resultType="java.lang.Integer">
      SELECT LAST_INSERT_ID()
    </selectKey>
    insert into handle_tuple_tmp (file_item_id, tuple_name, submission_record_id, 
      tuple_item_sort, create_date, update_date, 
      tuple_item_content)
    values (#{fileItemId,jdbcType=INTEGER}, #{tupleName,jdbcType=VARCHAR}, #{submissionRecordId,jdbcType=VARCHAR}, 
      #{tupleItemSort,jdbcType=INTEGER}, #{createDate,jdbcType=TIMESTAMP}, #{updateDate,jdbcType=TIMESTAMP}, 
      #{tupleItemContent,jdbcType=LONGVARCHAR})
  </insert>
  <insert id="insertSelective" parameterType="com.company.one.handletuple.model.HandleTupleTmp">
    <selectKey keyProperty="id" order="AFTER" resultType="java.lang.Integer">
      SELECT LAST_INSERT_ID()
    </selectKey>
    insert into handle_tuple_tmp
    <trim prefix="(" suffix=")" suffixOverrides=",">
      <if test="fileItemId != null">
        file_item_id,
      </if>
      <if test="tupleName != null">
        tuple_name,
      </if>
      <if test="submissionRecordId != null">
        submission_record_id,
      </if>
      <if test="tupleItemSort != null">
        tuple_item_sort,
      </if>
      <if test="createDate != null">
        create_date,
      </if>
      <if test="updateDate != null">
        update_date,
      </if>
      <if test="tupleItemContent != null">
        tuple_item_content,
      </if>
    </trim>
    <trim prefix="values (" suffix=")" suffixOverrides=",">
      <if test="fileItemId != null">
        #{fileItemId,jdbcType=INTEGER},
      </if>
      <if test="tupleName != null">
        #{tupleName,jdbcType=VARCHAR},
      </if>
      <if test="submissionRecordId != null">
        #{submissionRecordId,jdbcType=VARCHAR},
      </if>
      <if test="tupleItemSort != null">
        #{tupleItemSort,jdbcType=INTEGER},
      </if>
      <if test="createDate != null">
        #{createDate,jdbcType=TIMESTAMP},
      </if>
      <if test="updateDate != null">
        #{updateDate,jdbcType=TIMESTAMP},
      </if>
      <if test="tupleItemContent != null">
        #{tupleItemContent,jdbcType=LONGVARCHAR},
      </if>
    </trim>
  </insert>
  <select id="countByExample" parameterType="com.company.one.handletuple.model.HandleTupleTmpExample" resultType="java.lang.Long">
    select count(*) from handle_tuple_tmp
    <if test="_parameter != null">
      <include refid="Example_Where_Clause" />
    </if>
  </select>
  <update id="updateByExampleSelective" parameterType="map">
    update handle_tuple_tmp
    <set>
      <if test="record.id != null">
        id = #{record.id,jdbcType=INTEGER},
      </if>
      <if test="record.fileItemId != null">
        file_item_id = #{record.fileItemId,jdbcType=INTEGER},
      </if>
      <if test="record.tupleName != null">
        tuple_name = #{record.tupleName,jdbcType=VARCHAR},
      </if>
      <if test="record.submissionRecordId != null">
        submission_record_id = #{record.submissionRecordId,jdbcType=VARCHAR},
      </if>
      <if test="record.tupleItemSort != null">
        tuple_item_sort = #{record.tupleItemSort,jdbcType=INTEGER},
      </if>
      <if test="record.createDate != null">
        create_date = #{record.createDate,jdbcType=TIMESTAMP},
      </if>
      <if test="record.updateDate != null">
        update_date = #{record.updateDate,jdbcType=TIMESTAMP},
      </if>
      <if test="record.tupleItemContent != null">
        tuple_item_content = #{record.tupleItemContent,jdbcType=LONGVARCHAR},
      </if>
    </set>
    <if test="_parameter != null">
      <include refid="Update_By_Example_Where_Clause" />
    </if>
  </update>
  <update id="updateByExampleWithBLOBs" parameterType="map">
    update handle_tuple_tmp
    set id = #{record.id,jdbcType=INTEGER},
      file_item_id = #{record.fileItemId,jdbcType=INTEGER},
      tuple_name = #{record.tupleName,jdbcType=VARCHAR},
      submission_record_id = #{record.submissionRecordId,jdbcType=VARCHAR},
      tuple_item_sort = #{record.tupleItemSort,jdbcType=INTEGER},
      create_date = #{record.createDate,jdbcType=TIMESTAMP},
      update_date = #{record.updateDate,jdbcType=TIMESTAMP},
      tuple_item_content = #{record.tupleItemContent,jdbcType=LONGVARCHAR}
    <if test="_parameter != null">
      <include refid="Update_By_Example_Where_Clause" />
    </if>
  </update>
  <update id="updateByExample" parameterType="map">
    update handle_tuple_tmp
    set id = #{record.id,jdbcType=INTEGER},
      file_item_id = #{record.fileItemId,jdbcType=INTEGER},
      tuple_name = #{record.tupleName,jdbcType=VARCHAR},
      submission_record_id = #{record.submissionRecordId,jdbcType=VARCHAR},
      tuple_item_sort = #{record.tupleItemSort,jdbcType=INTEGER},
      create_date = #{record.createDate,jdbcType=TIMESTAMP},
      update_date = #{record.updateDate,jdbcType=TIMESTAMP}
    <if test="_parameter != null">
      <include refid="Update_By_Example_Where_Clause" />
    </if>
  </update>
  <update id="updateByPrimaryKeySelective" parameterType="com.company.one.handletuple.model.HandleTupleTmp">
    update handle_tuple_tmp
    <set>
      <if test="fileItemId != null">
        file_item_id = #{fileItemId,jdbcType=INTEGER},
      </if>
      <if test="tupleName != null">
        tuple_name = #{tupleName,jdbcType=VARCHAR},
      </if>
      <if test="submissionRecordId != null">
        submission_record_id = #{submissionRecordId,jdbcType=VARCHAR},
      </if>
      <if test="tupleItemSort != null">
        tuple_item_sort = #{tupleItemSort,jdbcType=INTEGER},
      </if>
      <if test="createDate != null">
        create_date = #{createDate,jdbcType=TIMESTAMP},
      </if>
      <if test="updateDate != null">
        update_date = #{updateDate,jdbcType=TIMESTAMP},
      </if>
      <if test="tupleItemContent != null">
        tuple_item_content = #{tupleItemContent,jdbcType=LONGVARCHAR},
      </if>
    </set>
    where id = #{id,jdbcType=INTEGER}
  </update>
  <update id="updateByPrimaryKeyWithBLOBs" parameterType="com.company.one.handletuple.model.HandleTupleTmp">
    update handle_tuple_tmp
    set file_item_id = #{fileItemId,jdbcType=INTEGER},
      tuple_name = #{tupleName,jdbcType=VARCHAR},
      submission_record_id = #{submissionRecordId,jdbcType=VARCHAR},
      tuple_item_sort = #{tupleItemSort,jdbcType=INTEGER},
      create_date = #{createDate,jdbcType=TIMESTAMP},
      update_date = #{updateDate,jdbcType=TIMESTAMP},
      tuple_item_content = #{tupleItemContent,jdbcType=LONGVARCHAR}
    where id = #{id,jdbcType=INTEGER}
  </update>
  <update id="updateByPrimaryKey" parameterType="com.company.one.handletuple.model.HandleTupleTmp">
    update handle_tuple_tmp
    set file_item_id = #{fileItemId,jdbcType=INTEGER},
      tuple_name = #{tupleName,jdbcType=VARCHAR},
      submission_record_id = #{submissionRecordId,jdbcType=VARCHAR},
      tuple_item_sort = #{tupleItemSort,jdbcType=INTEGER},
      create_date = #{createDate,jdbcType=TIMESTAMP},
      update_date = #{updateDate,jdbcType=TIMESTAMP}
    where id = #{id,jdbcType=INTEGER}
  </update>
</mapper>