<?xml version="1.0" encoding="UTF-8"?>
<!DOCTYPE generatorConfiguration
        PUBLIC "-//mybatis.org//DTD MyBatis Generator Configuration 1.0//EN"
        "http://mybatis.org/dtd/mybatis-generator-config_1_0.dtd">

<!--suppress MybatisGenerateCustomPluginInspection -->
<generatorConfiguration>
	<context id="Mysql" targetRuntime="MyBatis3Simple"
		defaultModelType="flat">
		<property name="javaFileEncoding" value="UTF-8" />
		<property name="useMapperCommentGenerator" value="false" />
		
 		<!--普通模板 -->
		<plugin type="org.mybatis.generator.plugins.SerializablePlugin"></plugin>    
        <commentGenerator>    
            <!-- 是否去除自动生成的注释 true：是 ： false:否 -->    
            <property name="suppressAllComments" value="true" />    
        </commentGenerator> 
        
        <!--通用mapper模板 -->
		<!-- <plugin type="tk.mybatis.mapper.generator.MapperPlugin">
			<property name="mappers" value="tk.mybatis.mapper.common.Mapper" />
			<property name="useMapperCommentGenerator" value="false" />
			<property name="suppressDate" value="true"/>
            <property name="suppressAllComments" value="true" />
			<property name="beginningDelimiter" value="`" />
			<property name="endingDelimiter" value="`" />
		</plugin> -->
		<!--自定义模板 -->
		<!-- <plugin type="otc.tech.base.mapper.HyMapperPlugin"> <property name="mappers" 
			value="tk.mybatis.mapper.common.Mapper" /> <property name="caseSensitive" 
			value="false"/> <property name="forceAnnotation" value="true"/> 实现序列化接口 默认false 
			<property name="implementSerializableInteface" value="false" /> 实体类增加字段名称枚举 
			默认false <property name="modelFieldEnum" value="true" /> setter方法链式调用（返回this） 
			默认false <property name="setterMethodChainEnabled" value="true" /> columnType注解启用 
			默认false <property name="columnTypeEnabled" value="true" /> <property name="delimitAllColumns" 
			value="true" /> </plugin> -->

		<jdbcConnection driverClass="com.mysql.jdbc.Driver"
			connectionURL="jdbc:mysql://10.0.48.60:3306/sys" userId="root"
			password="1234@Abc">
		</jdbcConnection>

		<!--MyBatis 生成器只需要生成 Model -->
		<javaModelGenerator targetPackage="mapper.test"
			targetProject="src/test/java" />		
		<!-- <sqlMapGenerator targetPackage="mapper.test" targetProject="src/test/java" />
		<javaClientGenerator targetPackage="mapper.test"
			targetProject="src/test/java" type="XMLMAPPER" /> -->
			
			
		<table tableName="TAB_TEMPLATE"></table>

	</context>
</generatorConfiguration>
