<?xml version="1.0" encoding="UTF-8"?>
<!DOCTYPE mapper PUBLIC "-//mybatis.org//DTD Mapper 3.0//EN" "http://mybatis.org/dtd/mybatis-3-mapper.dtd">
<mapper namespace="com.company.two.joblog.dao.JobLogTabMapper">
  <resultMap id="BaseResultMap" type="com.company.two.joblog.model.JobLogTab">
    <id column="id" jdbcType="INTEGER" property="id" />
    <result column="interface_code" jdbcType="VARCHAR" property="interfaceCode" />
    <result column="version_number" jdbcType="INTEGER" property="versionNumber" />
    <result column="interface_date" jdbcType="VARCHAR" property="interfaceDate" />
    <result column="total_number" jdbcType="INTEGER" property="totalNumber" />
  </resultMap>
  <sql id="Example_Where_Clause">
    <where>
      <foreach collection="oredCriteria" item="criteria" separator="or">
        <if test="criteria.valid">
          <trim prefix="(" prefixOverrides="and" suffix=")">
            <foreach collection="criteria.criteria" item="criterion">
              <choose>
                <when test="criterion.noValue">
                  and ${criterion.condition}
                </when>
                <when test="criterion.singleValue">
                  and ${criterion.condition} #{criterion.value}
                </when>
                <when test="criterion.betweenValue">
                  and ${criterion.condition} #{criterion.value} and #{criterion.secondValue}
                </when>
                <when test="criterion.listValue">
                  and ${criterion.condition}
                  <foreach close=")" collection="criterion.value" item="listItem" open="(" separator=",">
                    #{listItem}
                  </foreach>
                </when>
              </choose>
            </foreach>
          </trim>
        </if>
      </foreach>
    </where>
  </sql>
  <sql id="Update_By_Example_Where_Clause">
    <where>
      <foreach collection="example.oredCriteria" item="criteria" separator="or">
        <if test="criteria.valid">
          <trim prefix="(" prefixOverrides="and" suffix=")">
            <foreach collection="criteria.criteria" item="criterion">
              <choose>
                <when test="criterion.noValue">
                  and ${criterion.condition}
                </when>
                <when test="criterion.singleValue">
                  and ${criterion.condition} #{criterion.value}
                </when>
                <when test="criterion.betweenValue">
                  and ${criterion.condition} #{criterion.value} and #{criterion.secondValue}
                </when>
                <when test="criterion.listValue">
                  and ${criterion.condition}
                  <foreach close=")" collection="criterion.value" item="listItem" open="(" separator=",">
                    #{listItem}
                  </foreach>
                </when>
              </choose>
            </foreach>
          </trim>
        </if>
      </foreach>
    </where>
  </sql>
  <sql id="Base_Column_List">
    id, interface_code, version_number, interface_date, total_number
  </sql>
  <select id="selectByExample" parameterType="com.company.two.joblog.model.JobLogTabExample" resultMap="BaseResultMap">
    select
    <if test="distinct">
      distinct
    </if>
    'true' as QUERYID,
    <include refid="Base_Column_List" />
    from job_log_tab
    <if test="_parameter != null">
      <include refid="Example_Where_Clause" />
    </if>
    <if test="orderByClause != null">
      order by ${orderByClause}
    </if>
  </select>
  <select id="selectByPrimaryKey" parameterType="java.lang.Integer" resultMap="BaseResultMap">
    select 
    <include refid="Base_Column_List" />
    from job_log_tab
    where id = #{id,jdbcType=INTEGER}
  </select>
  <delete id="deleteByPrimaryKey" parameterType="java.lang.Integer">
    delete from job_log_tab
    where id = #{id,jdbcType=INTEGER}
  </delete>
  <delete id="deleteByExample" parameterType="com.company.two.joblog.model.JobLogTabExample">
    delete from job_log_tab
    <if test="_parameter != null">
      <include refid="Example_Where_Clause" />
    </if>
  </delete>
  <insert id="insert" parameterType="com.company.two.joblog.model.JobLogTab">
    insert into job_log_tab (id, interface_code, version_number, 
      interface_date, total_number)
    values (#{id,jdbcType=INTEGER}, #{interfaceCode,jdbcType=VARCHAR}, #{versionNumber,jdbcType=INTEGER}, 
      #{interfaceDate,jdbcType=VARCHAR}, #{totalNumber,jdbcType=INTEGER})
  </insert>
  <insert id="insertSelective" parameterType="com.company.two.joblog.model.JobLogTab">
    insert into job_log_tab
    <trim prefix="(" suffix=")" suffixOverrides=",">
      <if test="id != null">
        id,
      </if>
      <if test="interfaceCode != null">
        interface_code,
      </if>
      <if test="versionNumber != null">
        version_number,
      </if>
      <if test="interfaceDate != null">
        interface_date,
      </if>
      <if test="totalNumber != null">
        total_number,
      </if>
    </trim>
    <trim prefix="values (" suffix=")" suffixOverrides=",">
      <if test="id != null">
        #{id,jdbcType=INTEGER},
      </if>
      <if test="interfaceCode != null">
        #{interfaceCode,jdbcType=VARCHAR},
      </if>
      <if test="versionNumber != null">
        #{versionNumber,jdbcType=INTEGER},
      </if>
      <if test="interfaceDate != null">
        #{interfaceDate,jdbcType=VARCHAR},
      </if>
      <if test="totalNumber != null">
        #{totalNumber,jdbcType=INTEGER},
      </if>
    </trim>
  </insert>
  <select id="countByExample" parameterType="com.company.two.joblog.model.JobLogTabExample" resultType="java.lang.Long">
    select count(*) from job_log_tab
    <if test="_parameter != null">
      <include refid="Example_Where_Clause" />
    </if>
  </select>
  <update id="updateByExampleSelective" parameterType="map">
    update job_log_tab
    <set>
      <if test="record.id != null">
        id = #{record.id,jdbcType=INTEGER},
      </if>
      <if test="record.interfaceCode != null">
        interface_code = #{record.interfaceCode,jdbcType=VARCHAR},
      </if>
      <if test="record.versionNumber != null">
        version_number = #{record.versionNumber,jdbcType=INTEGER},
      </if>
      <if test="record.interfaceDate != null">
        interface_date = #{record.interfaceDate,jdbcType=VARCHAR},
      </if>
      <if test="record.totalNumber != null">
        total_number = #{record.totalNumber,jdbcType=INTEGER},
      </if>
    </set>
    <if test="_parameter != null">
      <include refid="Update_By_Example_Where_Clause" />
    </if>
  </update>
  <update id="updateByExample" parameterType="map">
    update job_log_tab
    set id = #{record.id,jdbcType=INTEGER},
      interface_code = #{record.interfaceCode,jdbcType=VARCHAR},
      version_number = #{record.versionNumber,jdbcType=INTEGER},
      interface_date = #{record.interfaceDate,jdbcType=VARCHAR},
      total_number = #{record.totalNumber,jdbcType=INTEGER}
    <if test="_parameter != null">
      <include refid="Update_By_Example_Where_Clause" />
    </if>
  </update>
  <update id="updateByPrimaryKeySelective" parameterType="com.company.two.joblog.model.JobLogTab">
    update job_log_tab
    <set>
      <if test="interfaceCode != null">
        interface_code = #{interfaceCode,jdbcType=VARCHAR},
      </if>
      <if test="versionNumber != null">
        version_number = #{versionNumber,jdbcType=INTEGER},
      </if>
      <if test="interfaceDate != null">
        interface_date = #{interfaceDate,jdbcType=VARCHAR},
      </if>
      <if test="totalNumber != null">
        total_number = #{totalNumber,jdbcType=INTEGER},
      </if>
    </set>
    where id = #{id,jdbcType=INTEGER}
  </update>
  <update id="updateByPrimaryKey" parameterType="com.company.two.joblog.model.JobLogTab">
    update job_log_tab
    set interface_code = #{interfaceCode,jdbcType=VARCHAR},
      version_number = #{versionNumber,jdbcType=INTEGER},
      interface_date = #{interfaceDate,jdbcType=VARCHAR},
      total_number = #{totalNumber,jdbcType=INTEGER}
    where id = #{id,jdbcType=INTEGER}
  </update>
</mapper>