<?xml version="1.0" encoding="UTF-8"?>
<!DOCTYPE generatorConfiguration
        PUBLIC "-//mybatis.org//DTD MyBatis Generator Configuration 1.0//EN"
        "http://mybatis.org/dtd/mybatis-generator-config_1_0.dtd">

<generatorConfiguration>

    <context id="MysqlTables" targetRuntime="MyBatis3">
        <!-- 自动识别数据库关键字，默认false，如果设置为true，根据SqlReservedWords中定义的关键字列表；
        一般保留默认值，遇到数据库关键字（Java关键字），使用columnOverride覆盖
     -->
        <property name="autoDelimitKeywords" value="false"/>

        <!-- 生成的Java文件的编码-->
        <property name="javaFileEncoding" value="UTF-8"/>

        <!-- 格式化java代码-->
        <property name="javaFormatter" value="org.mybatis.generator.api.dom.DefaultJavaFormatter"/>

        <!-- 格式化XML代码-->
        <property name="xmlFormatter" value="org.mybatis.generator.api.dom.DefaultXmlFormatter"/>

        <!--beginningDelimiter和endingDelimiter：指明数据库的用于标记数据库对象名的符号，比如ORACLE就是双引号，MYSQL默认是`反引号； -->
        <property name="beginningDelimiter" value="`"/>
        <property name="endingDelimiter" value="`"/>


        <!--&lt;!&ndash; 这里的type里写的是你的实现类的类全路径 &ndash;&gt;-->
        <commentGenerator type="xin.shaozeming.es.config.mybatis.MyCommentGenerator">
            <property name="suppressDate" value="true"/>
            <property name="suppressAllComments" value="true"/>
        </commentGenerator>

        <!--<commentGenerator>-->
            <!--<property name="suppressDate" value="true"/>-->
            <!--<property name="suppressAllComments" value="true"/>-->
        <!--</commentGenerator>-->

        <!--数据库链接地址账号密码-->
        <jdbcConnection driverClass="com.mysql.jdbc.Driver"
                        connectionURL="jdbc:mysql://localhost:3306/news"
                        userId="root"
                        password="root">
        </jdbcConnection>

        <javaTypeResolver>
            <property name="forceBigDecimals" value="false"/>
        </javaTypeResolver>

        <!--生成Model类存放位置-->
        <javaModelGenerator targetPackage="xin.shaozeming.es.po" targetProject="src/main/java">
            <property name="enableSubPackages" value="true"/>
            <property name="trimStrings" value="true"/>
        </javaModelGenerator>

        <!--生成映射文件存放位置-->
        <sqlMapGenerator targetPackage="mybatis/mapper" targetProject="src/main/resources">
            <property name="enableSubPackages" value="true"/>
        </sqlMapGenerator>

        <!--生成Dao类存放位置-->
        <javaClientGenerator type="XMLMAPPER" targetPackage="xin.shaozeming.es.dao" targetProject="src/main/java">
            <property name="enableSubPackages" value="true"/>
        </javaClientGenerator>

        <table tableName="news_article"
               enableCountByExample="false" enableUpdateByExample="false"
               enableDeleteByExample="false" enableSelectByExample="false"
               selectByExampleQueryId="false">
            <!--mysql 配置-->
            <generatedKey column="id" sqlStatement="Mysql" identity="true"/>
        </table>
    </context>
</generatorConfiguration>