<?xml version="1.0" encoding="UTF-8"?>
<!DOCTYPE mapper PUBLIC "-//mybatis.org//DTD Mapper 3.0//EN" "http://mybatis.org/dtd/mybatis-3-mapper.dtd">
<mapper namespace="com.interapi.app.bmp.dao.DeptTabMapper">
  <resultMap id="BaseResultMap" type="com.interapi.app.bmp.model.DeptTab">
    <id column="ID" jdbcType="BIGINT" property="id" />
    <result column="NAME" jdbcType="VARCHAR" property="name" />
    <result column="DESCRIBE" jdbcType="VARCHAR" property="describe" />
    <result column="PARENT_ID" jdbcType="BIGINT" property="parentId" />
    <result column="INS_ID" jdbcType="BIGINT" property="insId" />
    <result column="IS_DELETE" jdbcType="VARCHAR" property="isDelete" />
    <result column="CREATE_TIME" jdbcType="TIMESTAMP" property="createTime" />
    <result column="CREATE_USER" jdbcType="BIGINT" property="createUser" />
    <result column="UPDATE_TIME" jdbcType="TIMESTAMP" property="updateTime" />
    <result column="UPDATE_USER" jdbcType="BIGINT" property="updateUser" />
  </resultMap>
  <sql id="Example_Where_Clause">
    <where>
      <foreach collection="oredCriteria" item="criteria" separator="or">
        <if test="criteria.valid">
          <trim prefix="(" prefixOverrides="and" suffix=")">
            <foreach collection="criteria.criteria" item="criterion">
              <choose>
                <when test="criterion.noValue">
                  and ${criterion.condition}
                </when>
                <when test="criterion.singleValue">
                  and ${criterion.condition} #{criterion.value}
                </when>
                <when test="criterion.betweenValue">
                  and ${criterion.condition} #{criterion.value} and #{criterion.secondValue}
                </when>
                <when test="criterion.listValue">
                  and ${criterion.condition}
                  <foreach close=")" collection="criterion.value" item="listItem" open="(" separator=",">
                    #{listItem}
                  </foreach>
                </when>
              </choose>
            </foreach>
          </trim>
        </if>
      </foreach>
    </where>
  </sql>
  <sql id="Update_By_Example_Where_Clause">
    <where>
      <foreach collection="example.oredCriteria" item="criteria" separator="or">
        <if test="criteria.valid">
          <trim prefix="(" prefixOverrides="and" suffix=")">
            <foreach collection="criteria.criteria" item="criterion">
              <choose>
                <when test="criterion.noValue">
                  and ${criterion.condition}
                </when>
                <when test="criterion.singleValue">
                  and ${criterion.condition} #{criterion.value}
                </when>
                <when test="criterion.betweenValue">
                  and ${criterion.condition} #{criterion.value} and #{criterion.secondValue}
                </when>
                <when test="criterion.listValue">
                  and ${criterion.condition}
                  <foreach close=")" collection="criterion.value" item="listItem" open="(" separator=",">
                    #{listItem}
                  </foreach>
                </when>
              </choose>
            </foreach>
          </trim>
        </if>
      </foreach>
    </where>
  </sql>
  <sql id="Base_Column_List">
    ID, NAME, DESCRIBE, PARENT_ID, INS_ID, IS_DELETE, CREATE_TIME, CREATE_USER, UPDATE_TIME, 
    UPDATE_USER
  </sql>
  <select id="selectByExample" parameterType="com.interapi.app.bmp.model.DeptTabExample" resultMap="BaseResultMap">
    select
    <if test="distinct">
      distinct
    </if>
    'true' as QUERYID,
    <include refid="Base_Column_List" />
    from dept_tab
    <if test="_parameter != null">
      <include refid="Example_Where_Clause" />
    </if>
    <if test="orderByClause != null">
      order by ${orderByClause}
    </if>
  </select>
  <select id="selectByPrimaryKey" parameterType="java.lang.Long" resultMap="BaseResultMap">
    select 
    <include refid="Base_Column_List" />
    from dept_tab
    where ID = #{id,jdbcType=BIGINT}
  </select>
  <delete id="deleteByPrimaryKey" parameterType="java.lang.Long">
    delete from dept_tab
    where ID = #{id,jdbcType=BIGINT}
  </delete>
  <delete id="deleteByExample" parameterType="com.interapi.app.bmp.model.DeptTabExample">
    delete from dept_tab
    <if test="_parameter != null">
      <include refid="Example_Where_Clause" />
    </if>
  </delete>
  <insert id="insert" parameterType="com.interapi.app.bmp.model.DeptTab">
    insert into dept_tab (ID, NAME, DESCRIBE, 
      PARENT_ID, INS_ID, IS_DELETE, 
      CREATE_TIME, CREATE_USER, UPDATE_TIME, 
      UPDATE_USER)
    values (#{id,jdbcType=BIGINT}, #{name,jdbcType=VARCHAR}, #{describe,jdbcType=VARCHAR}, 
      #{parentId,jdbcType=BIGINT}, #{insId,jdbcType=BIGINT}, #{isDelete,jdbcType=VARCHAR}, 
      #{createTime,jdbcType=TIMESTAMP}, #{createUser,jdbcType=BIGINT}, #{updateTime,jdbcType=TIMESTAMP}, 
      #{updateUser,jdbcType=BIGINT})
  </insert>
  <insert id="insertSelective" parameterType="com.interapi.app.bmp.model.DeptTab">
    insert into dept_tab
    <trim prefix="(" suffix=")" suffixOverrides=",">
      <if test="id != null">
        ID,
      </if>
      <if test="name != null">
        NAME,
      </if>
      <if test="describe != null">
        DESCRIBE,
      </if>
      <if test="parentId != null">
        PARENT_ID,
      </if>
      <if test="insId != null">
        INS_ID,
      </if>
      <if test="isDelete != null">
        IS_DELETE,
      </if>
      <if test="createTime != null">
        CREATE_TIME,
      </if>
      <if test="createUser != null">
        CREATE_USER,
      </if>
      <if test="updateTime != null">
        UPDATE_TIME,
      </if>
      <if test="updateUser != null">
        UPDATE_USER,
      </if>
    </trim>
    <trim prefix="values (" suffix=")" suffixOverrides=",">
      <if test="id != null">
        #{id,jdbcType=BIGINT},
      </if>
      <if test="name != null">
        #{name,jdbcType=VARCHAR},
      </if>
      <if test="describe != null">
        #{describe,jdbcType=VARCHAR},
      </if>
      <if test="parentId != null">
        #{parentId,jdbcType=BIGINT},
      </if>
      <if test="insId != null">
        #{insId,jdbcType=BIGINT},
      </if>
      <if test="isDelete != null">
        #{isDelete,jdbcType=VARCHAR},
      </if>
      <if test="createTime != null">
        #{createTime,jdbcType=TIMESTAMP},
      </if>
      <if test="createUser != null">
        #{createUser,jdbcType=BIGINT},
      </if>
      <if test="updateTime != null">
        #{updateTime,jdbcType=TIMESTAMP},
      </if>
      <if test="updateUser != null">
        #{updateUser,jdbcType=BIGINT},
      </if>
    </trim>
  </insert>
  <select id="countByExample" parameterType="com.interapi.app.bmp.model.DeptTabExample" resultType="java.lang.Long">
    select count(*) from dept_tab
    <if test="_parameter != null">
      <include refid="Example_Where_Clause" />
    </if>
  </select>
  <update id="updateByExampleSelective" parameterType="map">
    update dept_tab
    <set>
      <if test="record.id != null">
        ID = #{record.id,jdbcType=BIGINT},
      </if>
      <if test="record.name != null">
        NAME = #{record.name,jdbcType=VARCHAR},
      </if>
      <if test="record.describe != null">
        DESCRIBE = #{record.describe,jdbcType=VARCHAR},
      </if>
      <if test="record.parentId != null">
        PARENT_ID = #{record.parentId,jdbcType=BIGINT},
      </if>
      <if test="record.insId != null">
        INS_ID = #{record.insId,jdbcType=BIGINT},
      </if>
      <if test="record.isDelete != null">
        IS_DELETE = #{record.isDelete,jdbcType=VARCHAR},
      </if>
      <if test="record.createTime != null">
        CREATE_TIME = #{record.createTime,jdbcType=TIMESTAMP},
      </if>
      <if test="record.createUser != null">
        CREATE_USER = #{record.createUser,jdbcType=BIGINT},
      </if>
      <if test="record.updateTime != null">
        UPDATE_TIME = #{record.updateTime,jdbcType=TIMESTAMP},
      </if>
      <if test="record.updateUser != null">
        UPDATE_USER = #{record.updateUser,jdbcType=BIGINT},
      </if>
    </set>
    <if test="_parameter != null">
      <include refid="Update_By_Example_Where_Clause" />
    </if>
  </update>
  <update id="updateByExample" parameterType="map">
    update dept_tab
    set ID = #{record.id,jdbcType=BIGINT},
      NAME = #{record.name,jdbcType=VARCHAR},
      DESCRIBE = #{record.describe,jdbcType=VARCHAR},
      PARENT_ID = #{record.parentId,jdbcType=BIGINT},
      INS_ID = #{record.insId,jdbcType=BIGINT},
      IS_DELETE = #{record.isDelete,jdbcType=VARCHAR},
      CREATE_TIME = #{record.createTime,jdbcType=TIMESTAMP},
      CREATE_USER = #{record.createUser,jdbcType=BIGINT},
      UPDATE_TIME = #{record.updateTime,jdbcType=TIMESTAMP},
      UPDATE_USER = #{record.updateUser,jdbcType=BIGINT}
    <if test="_parameter != null">
      <include refid="Update_By_Example_Where_Clause" />
    </if>
  </update>
  <update id="updateByPrimaryKeySelective" parameterType="com.interapi.app.bmp.model.DeptTab">
    update dept_tab
    <set>
      <if test="name != null">
        NAME = #{name,jdbcType=VARCHAR},
      </if>
      <if test="describe != null">
        DESCRIBE = #{describe,jdbcType=VARCHAR},
      </if>
      <if test="parentId != null">
        PARENT_ID = #{parentId,jdbcType=BIGINT},
      </if>
      <if test="insId != null">
        INS_ID = #{insId,jdbcType=BIGINT},
      </if>
      <if test="isDelete != null">
        IS_DELETE = #{isDelete,jdbcType=VARCHAR},
      </if>
      <if test="createTime != null">
        CREATE_TIME = #{createTime,jdbcType=TIMESTAMP},
      </if>
      <if test="createUser != null">
        CREATE_USER = #{createUser,jdbcType=BIGINT},
      </if>
      <if test="updateTime != null">
        UPDATE_TIME = #{updateTime,jdbcType=TIMESTAMP},
      </if>
      <if test="updateUser != null">
        UPDATE_USER = #{updateUser,jdbcType=BIGINT},
      </if>
    </set>
    where ID = #{id,jdbcType=BIGINT}
  </update>
  <update id="updateByPrimaryKey" parameterType="com.interapi.app.bmp.model.DeptTab">
    update dept_tab
    set NAME = #{name,jdbcType=VARCHAR},
      DESCRIBE = #{describe,jdbcType=VARCHAR},
      PARENT_ID = #{parentId,jdbcType=BIGINT},
      INS_ID = #{insId,jdbcType=BIGINT},
      IS_DELETE = #{isDelete,jdbcType=VARCHAR},
      CREATE_TIME = #{createTime,jdbcType=TIMESTAMP},
      CREATE_USER = #{createUser,jdbcType=BIGINT},
      UPDATE_TIME = #{updateTime,jdbcType=TIMESTAMP},
      UPDATE_USER = #{updateUser,jdbcType=BIGINT}
    where ID = #{id,jdbcType=BIGINT}
  </update>
</mapper>