<?xml version="1.0" encoding="UTF-8"?>
<!DOCTYPE mapper PUBLIC "-//mybatis.org//DTD Mapper 3.0//EN" "http://mybatis.org/dtd/mybatis-3-mapper.dtd">
<mapper namespace="com.interapi.app.bmp.dao.RoleFunctionRelaMapper">
  <resultMap id="BaseResultMap" type="com.interapi.app.bmp.model.RoleFunctionRela">
    <id column="ID" jdbcType="BIGINT" property="id" />
    <result column="ROLE_ID" jdbcType="BIGINT" property="roleId" />
    <result column="FUNCTION_ID" jdbcType="BIGINT" property="functionId" />
    <result column="IS_DELETE" jdbcType="VARCHAR" property="isDelete" />
    <result column="CREATE_TIME" jdbcType="TIMESTAMP" property="createTime" />
    <result column="CREATE_USER" jdbcType="BIGINT" property="createUser" />
    <result column="UPDATE_TIME" jdbcType="TIMESTAMP" property="updateTime" />
    <result column="UPDATE_USER" jdbcType="BIGINT" property="updateUser" />
  </resultMap>
  <sql id="Example_Where_Clause">
    <where>
      <foreach collection="oredCriteria" item="criteria" separator="or">
        <if test="criteria.valid">
          <trim prefix="(" prefixOverrides="and" suffix=")">
            <foreach collection="criteria.criteria" item="criterion">
              <choose>
                <when test="criterion.noValue">
                  and ${criterion.condition}
                </when>
                <when test="criterion.singleValue">
                  and ${criterion.condition} #{criterion.value}
                </when>
                <when test="criterion.betweenValue">
                  and ${criterion.condition} #{criterion.value} and #{criterion.secondValue}
                </when>
                <when test="criterion.listValue">
                  and ${criterion.condition}
                  <foreach close=")" collection="criterion.value" item="listItem" open="(" separator=",">
                    #{listItem}
                  </foreach>
                </when>
              </choose>
            </foreach>
          </trim>
        </if>
      </foreach>
    </where>
  </sql>
  <sql id="Update_By_Example_Where_Clause">
    <where>
      <foreach collection="example.oredCriteria" item="criteria" separator="or">
        <if test="criteria.valid">
          <trim prefix="(" prefixOverrides="and" suffix=")">
            <foreach collection="criteria.criteria" item="criterion">
              <choose>
                <when test="criterion.noValue">
                  and ${criterion.condition}
                </when>
                <when test="criterion.singleValue">
                  and ${criterion.condition} #{criterion.value}
                </when>
                <when test="criterion.betweenValue">
                  and ${criterion.condition} #{criterion.value} and #{criterion.secondValue}
                </when>
                <when test="criterion.listValue">
                  and ${criterion.condition}
                  <foreach close=")" collection="criterion.value" item="listItem" open="(" separator=",">
                    #{listItem}
                  </foreach>
                </when>
              </choose>
            </foreach>
          </trim>
        </if>
      </foreach>
    </where>
  </sql>
  <sql id="Base_Column_List">
    ID, ROLE_ID, FUNCTION_ID, IS_DELETE, CREATE_TIME, CREATE_USER, UPDATE_TIME, UPDATE_USER
  </sql>
  <select id="selectByExample" parameterType="com.interapi.app.bmp.model.RoleFunctionRelaExample" resultMap="BaseResultMap">
    select
    <if test="distinct">
      distinct
    </if>
    'true' as QUERYID,
    <include refid="Base_Column_List" />
    from role_function_tab
    <if test="_parameter != null">
      <include refid="Example_Where_Clause" />
    </if>
    <if test="orderByClause != null">
      order by ${orderByClause}
    </if>
  </select>
  <select id="selectByPrimaryKey" parameterType="java.lang.Long" resultMap="BaseResultMap">
    select 
    <include refid="Base_Column_List" />
    from role_function_tab
    where ID = #{id,jdbcType=BIGINT}
  </select>
  <delete id="deleteByPrimaryKey" parameterType="java.lang.Long">
    delete from role_function_tab
    where ID = #{id,jdbcType=BIGINT}
  </delete>
  <delete id="deleteByExample" parameterType="com.interapi.app.bmp.model.RoleFunctionRelaExample">
    delete from role_function_tab
    <if test="_parameter != null">
      <include refid="Example_Where_Clause" />
    </if>
  </delete>
  <insert id="insert" parameterType="com.interapi.app.bmp.model.RoleFunctionRela">
    insert into role_function_tab (ID, ROLE_ID, FUNCTION_ID, 
      IS_DELETE, CREATE_TIME, CREATE_USER, 
      UPDATE_TIME, UPDATE_USER)
    values (#{id,jdbcType=BIGINT}, #{roleId,jdbcType=BIGINT}, #{functionId,jdbcType=BIGINT}, 
      #{isDelete,jdbcType=VARCHAR}, #{createTime,jdbcType=TIMESTAMP}, #{createUser,jdbcType=BIGINT}, 
      #{updateTime,jdbcType=TIMESTAMP}, #{updateUser,jdbcType=BIGINT})
  </insert>
  <insert id="insertSelective" parameterType="com.interapi.app.bmp.model.RoleFunctionRela">
    insert into role_function_tab
    <trim prefix="(" suffix=")" suffixOverrides=",">
      <if test="id != null">
        ID,
      </if>
      <if test="roleId != null">
        ROLE_ID,
      </if>
      <if test="functionId != null">
        FUNCTION_ID,
      </if>
      <if test="isDelete != null">
        IS_DELETE,
      </if>
      <if test="createTime != null">
        CREATE_TIME,
      </if>
      <if test="createUser != null">
        CREATE_USER,
      </if>
      <if test="updateTime != null">
        UPDATE_TIME,
      </if>
      <if test="updateUser != null">
        UPDATE_USER,
      </if>
    </trim>
    <trim prefix="values (" suffix=")" suffixOverrides=",">
      <if test="id != null">
        #{id,jdbcType=BIGINT},
      </if>
      <if test="roleId != null">
        #{roleId,jdbcType=BIGINT},
      </if>
      <if test="functionId != null">
        #{functionId,jdbcType=BIGINT},
      </if>
      <if test="isDelete != null">
        #{isDelete,jdbcType=VARCHAR},
      </if>
      <if test="createTime != null">
        #{createTime,jdbcType=TIMESTAMP},
      </if>
      <if test="createUser != null">
        #{createUser,jdbcType=BIGINT},
      </if>
      <if test="updateTime != null">
        #{updateTime,jdbcType=TIMESTAMP},
      </if>
      <if test="updateUser != null">
        #{updateUser,jdbcType=BIGINT},
      </if>
    </trim>
  </insert>
  <select id="countByExample" parameterType="com.interapi.app.bmp.model.RoleFunctionRelaExample" resultType="java.lang.Long">
    select count(*) from role_function_tab
    <if test="_parameter != null">
      <include refid="Example_Where_Clause" />
    </if>
  </select>
  <update id="updateByExampleSelective" parameterType="map">
    update role_function_tab
    <set>
      <if test="record.id != null">
        ID = #{record.id,jdbcType=BIGINT},
      </if>
      <if test="record.roleId != null">
        ROLE_ID = #{record.roleId,jdbcType=BIGINT},
      </if>
      <if test="record.functionId != null">
        FUNCTION_ID = #{record.functionId,jdbcType=BIGINT},
      </if>
      <if test="record.isDelete != null">
        IS_DELETE = #{record.isDelete,jdbcType=VARCHAR},
      </if>
      <if test="record.createTime != null">
        CREATE_TIME = #{record.createTime,jdbcType=TIMESTAMP},
      </if>
      <if test="record.createUser != null">
        CREATE_USER = #{record.createUser,jdbcType=BIGINT},
      </if>
      <if test="record.updateTime != null">
        UPDATE_TIME = #{record.updateTime,jdbcType=TIMESTAMP},
      </if>
      <if test="record.updateUser != null">
        UPDATE_USER = #{record.updateUser,jdbcType=BIGINT},
      </if>
    </set>
    <if test="_parameter != null">
      <include refid="Update_By_Example_Where_Clause" />
    </if>
  </update>
  <update id="updateByExample" parameterType="map">
    update role_function_tab
    set ID = #{record.id,jdbcType=BIGINT},
      ROLE_ID = #{record.roleId,jdbcType=BIGINT},
      FUNCTION_ID = #{record.functionId,jdbcType=BIGINT},
      IS_DELETE = #{record.isDelete,jdbcType=VARCHAR},
      CREATE_TIME = #{record.createTime,jdbcType=TIMESTAMP},
      CREATE_USER = #{record.createUser,jdbcType=BIGINT},
      UPDATE_TIME = #{record.updateTime,jdbcType=TIMESTAMP},
      UPDATE_USER = #{record.updateUser,jdbcType=BIGINT}
    <if test="_parameter != null">
      <include refid="Update_By_Example_Where_Clause" />
    </if>
  </update>
  <update id="updateByPrimaryKeySelective" parameterType="com.interapi.app.bmp.model.RoleFunctionRela">
    update role_function_tab
    <set>
      <if test="roleId != null">
        ROLE_ID = #{roleId,jdbcType=BIGINT},
      </if>
      <if test="functionId != null">
        FUNCTION_ID = #{functionId,jdbcType=BIGINT},
      </if>
      <if test="isDelete != null">
        IS_DELETE = #{isDelete,jdbcType=VARCHAR},
      </if>
      <if test="createTime != null">
        CREATE_TIME = #{createTime,jdbcType=TIMESTAMP},
      </if>
      <if test="createUser != null">
        CREATE_USER = #{createUser,jdbcType=BIGINT},
      </if>
      <if test="updateTime != null">
        UPDATE_TIME = #{updateTime,jdbcType=TIMESTAMP},
      </if>
      <if test="updateUser != null">
        UPDATE_USER = #{updateUser,jdbcType=BIGINT},
      </if>
    </set>
    where ID = #{id,jdbcType=BIGINT}
  </update>
  <update id="updateByPrimaryKey" parameterType="com.interapi.app.bmp.model.RoleFunctionRela">
    update role_function_tab
    set ROLE_ID = #{roleId,jdbcType=BIGINT},
      FUNCTION_ID = #{functionId,jdbcType=BIGINT},
      IS_DELETE = #{isDelete,jdbcType=VARCHAR},
      CREATE_TIME = #{createTime,jdbcType=TIMESTAMP},
      CREATE_USER = #{createUser,jdbcType=BIGINT},
      UPDATE_TIME = #{updateTime,jdbcType=TIMESTAMP},
      UPDATE_USER = #{updateUser,jdbcType=BIGINT}
    where ID = #{id,jdbcType=BIGINT}
  </update>
</mapper>