<?xml version="1.0" encoding="UTF-8"?>
<!DOCTYPE mapper PUBLIC "-//mybatis.org//DTD Mapper 3.0//EN" "http://mybatis.org/dtd/mybatis-3-mapper.dtd">
<mapper namespace="com.interapi.app.bmp.dao.UserTabMapper">
  <resultMap id="BaseResultMap" type="com.interapi.app.bmp.model.UserTab">
    <id column="ID" jdbcType="BIGINT" property="id" />
    <result column="NAME" jdbcType="VARCHAR" property="name" />
    <result column="ACCOUNT" jdbcType="VARCHAR" property="account" />
    <result column="MOBILE" jdbcType="VARCHAR" property="mobile" />
    <result column="EMAIL" jdbcType="VARCHAR" property="email" />
    <result column="PASSWORD" jdbcType="VARCHAR" property="password" />
    <result column="LAST_PASSWORD_RESET_DATE" jdbcType="TIMESTAMP" property="lastPasswordResetDate" />
    <result column="IS_DELETE" jdbcType="VARCHAR" property="isDelete" />
    <result column="CREATE_TIME" jdbcType="TIMESTAMP" property="createTime" />
    <result column="CREATE_USER" jdbcType="BIGINT" property="createUser" />
    <result column="UPDATE_TIME" jdbcType="TIMESTAMP" property="updateTime" />
    <result column="UPDATE_USER" jdbcType="BIGINT" property="updateUser" />
  </resultMap>
  <sql id="Example_Where_Clause">
    <where>
      <foreach collection="oredCriteria" item="criteria" separator="or">
        <if test="criteria.valid">
          <trim prefix="(" prefixOverrides="and" suffix=")">
            <foreach collection="criteria.criteria" item="criterion">
              <choose>
                <when test="criterion.noValue">
                  and ${criterion.condition}
                </when>
                <when test="criterion.singleValue">
                  and ${criterion.condition} #{criterion.value}
                </when>
                <when test="criterion.betweenValue">
                  and ${criterion.condition} #{criterion.value} and #{criterion.secondValue}
                </when>
                <when test="criterion.listValue">
                  and ${criterion.condition}
                  <foreach close=")" collection="criterion.value" item="listItem" open="(" separator=",">
                    #{listItem}
                  </foreach>
                </when>
              </choose>
            </foreach>
          </trim>
        </if>
      </foreach>
    </where>
  </sql>
  <sql id="Update_By_Example_Where_Clause">
    <where>
      <foreach collection="example.oredCriteria" item="criteria" separator="or">
        <if test="criteria.valid">
          <trim prefix="(" prefixOverrides="and" suffix=")">
            <foreach collection="criteria.criteria" item="criterion">
              <choose>
                <when test="criterion.noValue">
                  and ${criterion.condition}
                </when>
                <when test="criterion.singleValue">
                  and ${criterion.condition} #{criterion.value}
                </when>
                <when test="criterion.betweenValue">
                  and ${criterion.condition} #{criterion.value} and #{criterion.secondValue}
                </when>
                <when test="criterion.listValue">
                  and ${criterion.condition}
                  <foreach close=")" collection="criterion.value" item="listItem" open="(" separator=",">
                    #{listItem}
                  </foreach>
                </when>
              </choose>
            </foreach>
          </trim>
        </if>
      </foreach>
    </where>
  </sql>
  <sql id="Base_Column_List">
    ID, NAME, ACCOUNT, MOBILE, EMAIL, PASSWORD, LAST_PASSWORD_RESET_DATE, IS_DELETE, 
    CREATE_TIME, CREATE_USER, UPDATE_TIME, UPDATE_USER
  </sql>
  <select id="selectByExample" parameterType="com.interapi.app.bmp.model.UserTabExample" resultMap="BaseResultMap">
    select
    <if test="distinct">
      distinct
    </if>
    'true' as QUERYID,
    <include refid="Base_Column_List" />
    from user_tab
    <if test="_parameter != null">
      <include refid="Example_Where_Clause" />
    </if>
    <if test="orderByClause != null">
      order by ${orderByClause}
    </if>
  </select>
  <select id="selectByPrimaryKey" parameterType="java.lang.Long" resultMap="BaseResultMap">
    select 
    <include refid="Base_Column_List" />
    from user_tab
    where ID = #{id,jdbcType=BIGINT}
  </select>
  <delete id="deleteByPrimaryKey" parameterType="java.lang.Long">
    delete from user_tab
    where ID = #{id,jdbcType=BIGINT}
  </delete>
  <delete id="deleteByExample" parameterType="com.interapi.app.bmp.model.UserTabExample">
    delete from user_tab
    <if test="_parameter != null">
      <include refid="Example_Where_Clause" />
    </if>
  </delete>
  <insert id="insert" parameterType="com.interapi.app.bmp.model.UserTab">
    insert into user_tab (ID, NAME, ACCOUNT, 
      MOBILE, EMAIL, PASSWORD, 
      LAST_PASSWORD_RESET_DATE, IS_DELETE, CREATE_TIME, 
      CREATE_USER, UPDATE_TIME, UPDATE_USER
      )
    values (#{id,jdbcType=BIGINT}, #{name,jdbcType=VARCHAR}, #{account,jdbcType=VARCHAR}, 
      #{mobile,jdbcType=VARCHAR}, #{email,jdbcType=VARCHAR}, #{password,jdbcType=VARCHAR}, 
      #{lastPasswordResetDate,jdbcType=TIMESTAMP}, #{isDelete,jdbcType=VARCHAR}, #{createTime,jdbcType=TIMESTAMP}, 
      #{createUser,jdbcType=BIGINT}, #{updateTime,jdbcType=TIMESTAMP}, #{updateUser,jdbcType=BIGINT}
      )
  </insert>
  <insert id="insertSelective" parameterType="com.interapi.app.bmp.model.UserTab">
    insert into user_tab
    <trim prefix="(" suffix=")" suffixOverrides=",">
      <if test="id != null">
        ID,
      </if>
      <if test="name != null">
        NAME,
      </if>
      <if test="account != null">
        ACCOUNT,
      </if>
      <if test="mobile != null">
        MOBILE,
      </if>
      <if test="email != null">
        EMAIL,
      </if>
      <if test="password != null">
        PASSWORD,
      </if>
      <if test="lastPasswordResetDate != null">
        LAST_PASSWORD_RESET_DATE,
      </if>
      <if test="isDelete != null">
        IS_DELETE,
      </if>
      <if test="createTime != null">
        CREATE_TIME,
      </if>
      <if test="createUser != null">
        CREATE_USER,
      </if>
      <if test="updateTime != null">
        UPDATE_TIME,
      </if>
      <if test="updateUser != null">
        UPDATE_USER,
      </if>
    </trim>
    <trim prefix="values (" suffix=")" suffixOverrides=",">
      <if test="id != null">
        #{id,jdbcType=BIGINT},
      </if>
      <if test="name != null">
        #{name,jdbcType=VARCHAR},
      </if>
      <if test="account != null">
        #{account,jdbcType=VARCHAR},
      </if>
      <if test="mobile != null">
        #{mobile,jdbcType=VARCHAR},
      </if>
      <if test="email != null">
        #{email,jdbcType=VARCHAR},
      </if>
      <if test="password != null">
        #{password,jdbcType=VARCHAR},
      </if>
      <if test="lastPasswordResetDate != null">
        #{lastPasswordResetDate,jdbcType=TIMESTAMP},
      </if>
      <if test="isDelete != null">
        #{isDelete,jdbcType=VARCHAR},
      </if>
      <if test="createTime != null">
        #{createTime,jdbcType=TIMESTAMP},
      </if>
      <if test="createUser != null">
        #{createUser,jdbcType=BIGINT},
      </if>
      <if test="updateTime != null">
        #{updateTime,jdbcType=TIMESTAMP},
      </if>
      <if test="updateUser != null">
        #{updateUser,jdbcType=BIGINT},
      </if>
    </trim>
  </insert>
  <select id="countByExample" parameterType="com.interapi.app.bmp.model.UserTabExample" resultType="java.lang.Long">
    select count(*) from user_tab
    <if test="_parameter != null">
      <include refid="Example_Where_Clause" />
    </if>
  </select>
  <update id="updateByExampleSelective" parameterType="map">
    update user_tab
    <set>
      <if test="record.id != null">
        ID = #{record.id,jdbcType=BIGINT},
      </if>
      <if test="record.name != null">
        NAME = #{record.name,jdbcType=VARCHAR},
      </if>
      <if test="record.account != null">
        ACCOUNT = #{record.account,jdbcType=VARCHAR},
      </if>
      <if test="record.mobile != null">
        MOBILE = #{record.mobile,jdbcType=VARCHAR},
      </if>
      <if test="record.email != null">
        EMAIL = #{record.email,jdbcType=VARCHAR},
      </if>
      <if test="record.password != null">
        PASSWORD = #{record.password,jdbcType=VARCHAR},
      </if>
      <if test="record.lastPasswordResetDate != null">
        LAST_PASSWORD_RESET_DATE = #{record.lastPasswordResetDate,jdbcType=TIMESTAMP},
      </if>
      <if test="record.isDelete != null">
        IS_DELETE = #{record.isDelete,jdbcType=VARCHAR},
      </if>
      <if test="record.createTime != null">
        CREATE_TIME = #{record.createTime,jdbcType=TIMESTAMP},
      </if>
      <if test="record.createUser != null">
        CREATE_USER = #{record.createUser,jdbcType=BIGINT},
      </if>
      <if test="record.updateTime != null">
        UPDATE_TIME = #{record.updateTime,jdbcType=TIMESTAMP},
      </if>
      <if test="record.updateUser != null">
        UPDATE_USER = #{record.updateUser,jdbcType=BIGINT},
      </if>
    </set>
    <if test="_parameter != null">
      <include refid="Update_By_Example_Where_Clause" />
    </if>
  </update>
  <update id="updateByExample" parameterType="map">
    update user_tab
    set ID = #{record.id,jdbcType=BIGINT},
      NAME = #{record.name,jdbcType=VARCHAR},
      ACCOUNT = #{record.account,jdbcType=VARCHAR},
      MOBILE = #{record.mobile,jdbcType=VARCHAR},
      EMAIL = #{record.email,jdbcType=VARCHAR},
      PASSWORD = #{record.password,jdbcType=VARCHAR},
      LAST_PASSWORD_RESET_DATE = #{record.lastPasswordResetDate,jdbcType=TIMESTAMP},
      IS_DELETE = #{record.isDelete,jdbcType=VARCHAR},
      CREATE_TIME = #{record.createTime,jdbcType=TIMESTAMP},
      CREATE_USER = #{record.createUser,jdbcType=BIGINT},
      UPDATE_TIME = #{record.updateTime,jdbcType=TIMESTAMP},
      UPDATE_USER = #{record.updateUser,jdbcType=BIGINT}
    <if test="_parameter != null">
      <include refid="Update_By_Example_Where_Clause" />
    </if>
  </update>
  <update id="updateByPrimaryKeySelective" parameterType="com.interapi.app.bmp.model.UserTab">
    update user_tab
    <set>
      <if test="name != null">
        NAME = #{name,jdbcType=VARCHAR},
      </if>
      <if test="account != null">
        ACCOUNT = #{account,jdbcType=VARCHAR},
      </if>
      <if test="mobile != null">
        MOBILE = #{mobile,jdbcType=VARCHAR},
      </if>
      <if test="email != null">
        EMAIL = #{email,jdbcType=VARCHAR},
      </if>
      <if test="password != null">
        PASSWORD = #{password,jdbcType=VARCHAR},
      </if>
      <if test="lastPasswordResetDate != null">
        LAST_PASSWORD_RESET_DATE = #{lastPasswordResetDate,jdbcType=TIMESTAMP},
      </if>
      <if test="isDelete != null">
        IS_DELETE = #{isDelete,jdbcType=VARCHAR},
      </if>
      <if test="createTime != null">
        CREATE_TIME = #{createTime,jdbcType=TIMESTAMP},
      </if>
      <if test="createUser != null">
        CREATE_USER = #{createUser,jdbcType=BIGINT},
      </if>
      <if test="updateTime != null">
        UPDATE_TIME = #{updateTime,jdbcType=TIMESTAMP},
      </if>
      <if test="updateUser != null">
        UPDATE_USER = #{updateUser,jdbcType=BIGINT},
      </if>
    </set>
    where ID = #{id,jdbcType=BIGINT}
  </update>
  <update id="updateByPrimaryKey" parameterType="com.interapi.app.bmp.model.UserTab">
    update user_tab
    set NAME = #{name,jdbcType=VARCHAR},
      ACCOUNT = #{account,jdbcType=VARCHAR},
      MOBILE = #{mobile,jdbcType=VARCHAR},
      EMAIL = #{email,jdbcType=VARCHAR},
      PASSWORD = #{password,jdbcType=VARCHAR},
      LAST_PASSWORD_RESET_DATE = #{lastPasswordResetDate,jdbcType=TIMESTAMP},
      IS_DELETE = #{isDelete,jdbcType=VARCHAR},
      CREATE_TIME = #{createTime,jdbcType=TIMESTAMP},
      CREATE_USER = #{createUser,jdbcType=BIGINT},
      UPDATE_TIME = #{updateTime,jdbcType=TIMESTAMP},
      UPDATE_USER = #{updateUser,jdbcType=BIGINT}
    where ID = #{id,jdbcType=BIGINT}
  </update>
</mapper>