<?xml version="1.0" encoding="UTF-8"?>
<!DOCTYPE mapper PUBLIC "-//mybatis.org//DTD Mapper 3.0//EN" "http://mybatis.org/dtd/mybatis-3-mapper.dtd">
<mapper namespace="com.company.one.handlefile.dao.HandleFileTabMapper">
  <resultMap id="BaseResultMap" type="com.company.one.handlefile.model.HandleFileTab">
    <id column="id" jdbcType="INTEGER" property="id" />
    <result column="zip_file_name" jdbcType="VARCHAR" property="zipFileName" />
    <result column="file_name" jdbcType="VARCHAR" property="fileName" />
    <result column="hash_file_entity" jdbcType="VARCHAR" property="hashFileEntity" />
    <result column="file_creater_code" jdbcType="VARCHAR" property="fileCreaterCode" />
    <result column="file_receiver_code" jdbcType="VARCHAR" property="fileReceiverCode" />
    <result column="interface_id" jdbcType="VARCHAR" property="interfaceId" />
    <result column="submission_date" jdbcType="VARCHAR" property="submissionDate" />
    <result column="file_num" jdbcType="VARCHAR" property="fileNum" />
    <result column="operation_id" jdbcType="VARCHAR" property="operationId" />
    <result column="status" jdbcType="INTEGER" property="status" />
    <result column="create_date" jdbcType="TIMESTAMP" property="createDate" />
    <result column="update_date" jdbcType="TIMESTAMP" property="updateDate" />
  </resultMap>
  <sql id="Example_Where_Clause">
    <where>
      <foreach collection="oredCriteria" item="criteria" separator="or">
        <if test="criteria.valid">
          <trim prefix="(" prefixOverrides="and" suffix=")">
            <foreach collection="criteria.criteria" item="criterion">
              <choose>
                <when test="criterion.noValue">
                  and ${criterion.condition}
                </when>
                <when test="criterion.singleValue">
                  and ${criterion.condition} #{criterion.value}
                </when>
                <when test="criterion.betweenValue">
                  and ${criterion.condition} #{criterion.value} and #{criterion.secondValue}
                </when>
                <when test="criterion.listValue">
                  and ${criterion.condition}
                  <foreach close=")" collection="criterion.value" item="listItem" open="(" separator=",">
                    #{listItem}
                  </foreach>
                </when>
              </choose>
            </foreach>
          </trim>
        </if>
      </foreach>
    </where>
  </sql>
  <sql id="Update_By_Example_Where_Clause">
    <where>
      <foreach collection="example.oredCriteria" item="criteria" separator="or">
        <if test="criteria.valid">
          <trim prefix="(" prefixOverrides="and" suffix=")">
            <foreach collection="criteria.criteria" item="criterion">
              <choose>
                <when test="criterion.noValue">
                  and ${criterion.condition}
                </when>
                <when test="criterion.singleValue">
                  and ${criterion.condition} #{criterion.value}
                </when>
                <when test="criterion.betweenValue">
                  and ${criterion.condition} #{criterion.value} and #{criterion.secondValue}
                </when>
                <when test="criterion.listValue">
                  and ${criterion.condition}
                  <foreach close=")" collection="criterion.value" item="listItem" open="(" separator=",">
                    #{listItem}
                  </foreach>
                </when>
              </choose>
            </foreach>
          </trim>
        </if>
      </foreach>
    </where>
  </sql>
  <sql id="Base_Column_List">
    id, zip_file_name, file_name, hash_file_entity, file_creater_code, file_receiver_code, 
    interface_id, submission_date, file_num, operation_id, status, create_date, update_date
  </sql>
  <select id="selectByExample" parameterType="com.company.one.handlefile.model.HandleFileTabExample" resultMap="BaseResultMap">
    select
    <if test="distinct">
      distinct
    </if>
    'true' as QUERYID,
    <include refid="Base_Column_List" />
    from handle_file_tab
    <if test="_parameter != null">
      <include refid="Example_Where_Clause" />
    </if>
    <if test="orderByClause != null">
      order by ${orderByClause}
    </if>
  </select>
  <select id="selectByPrimaryKey" parameterType="java.lang.Integer" resultMap="BaseResultMap">
    select 
    <include refid="Base_Column_List" />
    from handle_file_tab
    where id = #{id,jdbcType=INTEGER}
  </select>
  <delete id="deleteByPrimaryKey" parameterType="java.lang.Integer">
    delete from handle_file_tab
    where id = #{id,jdbcType=INTEGER}
  </delete>
  <delete id="deleteByExample" parameterType="com.company.one.handlefile.model.HandleFileTabExample">
    delete from handle_file_tab
    <if test="_parameter != null">
      <include refid="Example_Where_Clause" />
    </if>
  </delete>
  <insert id="insert" parameterType="com.company.one.handlefile.model.HandleFileTab">
    <selectKey keyProperty="id" order="AFTER" resultType="java.lang.Integer">
      SELECT LAST_INSERT_ID()
    </selectKey>
    insert into handle_file_tab (zip_file_name, file_name, hash_file_entity, 
      file_creater_code, file_receiver_code, interface_id, 
      submission_date, file_num, operation_id, 
      status, create_date, update_date
      )
    values (#{zipFileName,jdbcType=VARCHAR}, #{fileName,jdbcType=VARCHAR}, #{hashFileEntity,jdbcType=VARCHAR}, 
      #{fileCreaterCode,jdbcType=VARCHAR}, #{fileReceiverCode,jdbcType=VARCHAR}, #{interfaceId,jdbcType=VARCHAR}, 
      #{submissionDate,jdbcType=VARCHAR}, #{fileNum,jdbcType=VARCHAR}, #{operationId,jdbcType=VARCHAR}, 
      #{status,jdbcType=INTEGER}, #{createDate,jdbcType=TIMESTAMP}, #{updateDate,jdbcType=TIMESTAMP}
      )
  </insert>
  <insert id="insertSelective" parameterType="com.company.one.handlefile.model.HandleFileTab">
    <selectKey keyProperty="id" order="AFTER" resultType="java.lang.Integer">
      SELECT LAST_INSERT_ID()
    </selectKey>
    insert into handle_file_tab
    <trim prefix="(" suffix=")" suffixOverrides=",">
      <if test="zipFileName != null">
        zip_file_name,
      </if>
      <if test="fileName != null">
        file_name,
      </if>
      <if test="hashFileEntity != null">
        hash_file_entity,
      </if>
      <if test="fileCreaterCode != null">
        file_creater_code,
      </if>
      <if test="fileReceiverCode != null">
        file_receiver_code,
      </if>
      <if test="interfaceId != null">
        interface_id,
      </if>
      <if test="submissionDate != null">
        submission_date,
      </if>
      <if test="fileNum != null">
        file_num,
      </if>
      <if test="operationId != null">
        operation_id,
      </if>
      <if test="status != null">
        status,
      </if>
      <if test="createDate != null">
        create_date,
      </if>
      <if test="updateDate != null">
        update_date,
      </if>
    </trim>
    <trim prefix="values (" suffix=")" suffixOverrides=",">
      <if test="zipFileName != null">
        #{zipFileName,jdbcType=VARCHAR},
      </if>
      <if test="fileName != null">
        #{fileName,jdbcType=VARCHAR},
      </if>
      <if test="hashFileEntity != null">
        #{hashFileEntity,jdbcType=VARCHAR},
      </if>
      <if test="fileCreaterCode != null">
        #{fileCreaterCode,jdbcType=VARCHAR},
      </if>
      <if test="fileReceiverCode != null">
        #{fileReceiverCode,jdbcType=VARCHAR},
      </if>
      <if test="interfaceId != null">
        #{interfaceId,jdbcType=VARCHAR},
      </if>
      <if test="submissionDate != null">
        #{submissionDate,jdbcType=VARCHAR},
      </if>
      <if test="fileNum != null">
        #{fileNum,jdbcType=VARCHAR},
      </if>
      <if test="operationId != null">
        #{operationId,jdbcType=VARCHAR},
      </if>
      <if test="status != null">
        #{status,jdbcType=INTEGER},
      </if>
      <if test="createDate != null">
        #{createDate,jdbcType=TIMESTAMP},
      </if>
      <if test="updateDate != null">
        #{updateDate,jdbcType=TIMESTAMP},
      </if>
    </trim>
  </insert>
  <select id="countByExample" parameterType="com.company.one.handlefile.model.HandleFileTabExample" resultType="java.lang.Long">
    select count(*) from handle_file_tab
    <if test="_parameter != null">
      <include refid="Example_Where_Clause" />
    </if>
  </select>
  <update id="updateByExampleSelective" parameterType="map">
    update handle_file_tab
    <set>
      <if test="record.id != null">
        id = #{record.id,jdbcType=INTEGER},
      </if>
      <if test="record.zipFileName != null">
        zip_file_name = #{record.zipFileName,jdbcType=VARCHAR},
      </if>
      <if test="record.fileName != null">
        file_name = #{record.fileName,jdbcType=VARCHAR},
      </if>
      <if test="record.hashFileEntity != null">
        hash_file_entity = #{record.hashFileEntity,jdbcType=VARCHAR},
      </if>
      <if test="record.fileCreaterCode != null">
        file_creater_code = #{record.fileCreaterCode,jdbcType=VARCHAR},
      </if>
      <if test="record.fileReceiverCode != null">
        file_receiver_code = #{record.fileReceiverCode,jdbcType=VARCHAR},
      </if>
      <if test="record.interfaceId != null">
        interface_id = #{record.interfaceId,jdbcType=VARCHAR},
      </if>
      <if test="record.submissionDate != null">
        submission_date = #{record.submissionDate,jdbcType=VARCHAR},
      </if>
      <if test="record.fileNum != null">
        file_num = #{record.fileNum,jdbcType=VARCHAR},
      </if>
      <if test="record.operationId != null">
        operation_id = #{record.operationId,jdbcType=VARCHAR},
      </if>
      <if test="record.status != null">
        status = #{record.status,jdbcType=INTEGER},
      </if>
      <if test="record.createDate != null">
        create_date = #{record.createDate,jdbcType=TIMESTAMP},
      </if>
      <if test="record.updateDate != null">
        update_date = #{record.updateDate,jdbcType=TIMESTAMP},
      </if>
    </set>
    <if test="_parameter != null">
      <include refid="Update_By_Example_Where_Clause" />
    </if>
  </update>
  <update id="updateByExample" parameterType="map">
    update handle_file_tab
    set id = #{record.id,jdbcType=INTEGER},
      zip_file_name = #{record.zipFileName,jdbcType=VARCHAR},
      file_name = #{record.fileName,jdbcType=VARCHAR},
      hash_file_entity = #{record.hashFileEntity,jdbcType=VARCHAR},
      file_creater_code = #{record.fileCreaterCode,jdbcType=VARCHAR},
      file_receiver_code = #{record.fileReceiverCode,jdbcType=VARCHAR},
      interface_id = #{record.interfaceId,jdbcType=VARCHAR},
      submission_date = #{record.submissionDate,jdbcType=VARCHAR},
      file_num = #{record.fileNum,jdbcType=VARCHAR},
      operation_id = #{record.operationId,jdbcType=VARCHAR},
      status = #{record.status,jdbcType=INTEGER},
      create_date = #{record.createDate,jdbcType=TIMESTAMP},
      update_date = #{record.updateDate,jdbcType=TIMESTAMP}
    <if test="_parameter != null">
      <include refid="Update_By_Example_Where_Clause" />
    </if>
  </update>
  <update id="updateByPrimaryKeySelective" parameterType="com.company.one.handlefile.model.HandleFileTab">
    update handle_file_tab
    <set>
      <if test="zipFileName != null">
        zip_file_name = #{zipFileName,jdbcType=VARCHAR},
      </if>
      <if test="fileName != null">
        file_name = #{fileName,jdbcType=VARCHAR},
      </if>
      <if test="hashFileEntity != null">
        hash_file_entity = #{hashFileEntity,jdbcType=VARCHAR},
      </if>
      <if test="fileCreaterCode != null">
        file_creater_code = #{fileCreaterCode,jdbcType=VARCHAR},
      </if>
      <if test="fileReceiverCode != null">
        file_receiver_code = #{fileReceiverCode,jdbcType=VARCHAR},
      </if>
      <if test="interfaceId != null">
        interface_id = #{interfaceId,jdbcType=VARCHAR},
      </if>
      <if test="submissionDate != null">
        submission_date = #{submissionDate,jdbcType=VARCHAR},
      </if>
      <if test="fileNum != null">
        file_num = #{fileNum,jdbcType=VARCHAR},
      </if>
      <if test="operationId != null">
        operation_id = #{operationId,jdbcType=VARCHAR},
      </if>
      <if test="status != null">
        status = #{status,jdbcType=INTEGER},
      </if>
      <if test="createDate != null">
        create_date = #{createDate,jdbcType=TIMESTAMP},
      </if>
      <if test="updateDate != null">
        update_date = #{updateDate,jdbcType=TIMESTAMP},
      </if>
    </set>
    where id = #{id,jdbcType=INTEGER}
  </update>
  <update id="updateByPrimaryKey" parameterType="com.company.one.handlefile.model.HandleFileTab">
    update handle_file_tab
    set zip_file_name = #{zipFileName,jdbcType=VARCHAR},
      file_name = #{fileName,jdbcType=VARCHAR},
      hash_file_entity = #{hashFileEntity,jdbcType=VARCHAR},
      file_creater_code = #{fileCreaterCode,jdbcType=VARCHAR},
      file_receiver_code = #{fileReceiverCode,jdbcType=VARCHAR},
      interface_id = #{interfaceId,jdbcType=VARCHAR},
      submission_date = #{submissionDate,jdbcType=VARCHAR},
      file_num = #{fileNum,jdbcType=VARCHAR},
      operation_id = #{operationId,jdbcType=VARCHAR},
      status = #{status,jdbcType=INTEGER},
      create_date = #{createDate,jdbcType=TIMESTAMP},
      update_date = #{updateDate,jdbcType=TIMESTAMP}
    where id = #{id,jdbcType=INTEGER}
  </update>
</mapper>