<?xml version="1.0" encoding="UTF-8" ?>
<!DOCTYPE configuration PUBLIC "-//mybatis.org//DTD Config 3.0//EN"
"http://mybatis.org/dtd/mybatis-3-config.dtd">
<configuration>
	<properties>
		<property name="dialect" value="mysql" />
	</properties>
	<settings>
		<setting name="logImpl" value="LOG4J" />
	</settings>
	<typeAliases>
		
	</typeAliases>
    <!-- 配置分页插件 -->
	<plugins>
		<plugin interceptor="com.github.pagehelper.PageHelper">
			<!-- 指定使用的数据库是什么 -->
			<property name="dialect" value="mysql"/>
		</plugin>
	</plugins>
</configuration>