<?xml version="1.0" encoding="UTF-8" ?>
<!DOCTYPE mapper PUBLIC "-//mybatis.org//DTD Mapper 3.0//EN" "http://mybatis.org/dtd/mybatis-3-mapper.dtd" >
<mapper namespace="com.spring.boot.mapper.master.MasterUserMapper" >
    <!-- 结果映射 -->
	<resultMap id="BaseMap" type="com.spring.boot.model.UserModel">
	    <id column="userId" property="userId" jdbcType="INTEGER" />
	    <result column="userName" property="userName" jdbcType="VARCHAR" />
	    <result column="password" property="password" jdbcType="VARCHAR" />
	    <result column="phone" property="phone" jdbcType="VARCHAR" />
	</resultMap>
    
    <!-- 表所有字段 -->
    <sql id="allColumns">
        userId, userName, password, phone
    </sql>
    
    <!-- 查询所有数据 -->
  	<select id="getAll" resultMap="BaseMap">
  	  	SELECT 
  	  	<include refid="allColumns" />
  	  	FROM T_USER
  	</select>
  	
  	<!-- 根据主键查询数据 -->
    <select id="get" resultMap="BaseMap" parameterType="java.util.Map">
		SELECT
		<include refid="allColumns" />
		FROM
			t_user u
		WHERE
			1 = 1 
		AND userid = #{userId}
    </select>

    <!-- 插入数据，返回主键 -->
    <insert id="insert" parameterType="java.util.Map" useGeneratedKeys="true" keyProperty="userId" keyColumn="userId">
        INSERT INTO T_USER (userName,password,phone)
        VALUES (
            #{userName},
            #{password},
            #{phone}
        )
    </insert>
    
 	<!-- 修改数据 -->
    <update id="update" parameterType="java.util.Map">
        UPDATE T_USER SET
            userName = #{userName},
            PASSWORD = #{password},
            PHONE = #{phone}
        WHERE userId = #{userId}
    </update>
    
    
    <!-- 根据主键删除数据 -->
    <delete id="delete" parameterType="Integer">
        DELETE FROM T_USER WHERE userId = #{userId}
    </delete>
    
</mapper>