<?xml version="1.0" encoding="UTF-8" ?>
<!DOCTYPE mapper PUBLIC "-//mybatis.org//DTD Mapper 3.0//EN" "http://mybatis.org/dtd/mybatis-3-mapper.dtd" >
<mapper namespace="com.pancm.dao.UserDao">
	<resultMap id="BaseResultMap" type="com.pancm.pojo.User">
		<result column="id" property="id" />
		<result column="name" property="name" />
		<result column="age" property="age" />
	</resultMap>

	<parameterMap id="User" type="com.pancm.pojo.User"/>

	<sql id="Base_Column_List">
		id, name, age
	</sql>

	<insert id="addUser" parameterMap="User">
		insert into t_user (name,age)
		values (#{name},#{age})
	</insert>

	<update id="updateUser" parameterMap="User">
		update
		 	 t_user 
		set
		<if test="name!=null and name!=''">
			 name = #{name}
		</if>
		
		<if test="age!=null and age!=''">
			, age = #{age}
		</if>
		  where id= #{id}
	</update>

	<delete id="deleteUser" parameterType="java.lang.Integer">
		delete from  t_user where id=#{id}
	</delete>
	


	<select id="findAll" resultMap="BaseResultMap"  parameterMap="User">
		select
		<include refid="Base_Column_List" />
		from t_user
	</select>
	
	
</mapper>
